treatment,vcmax25,jmax25
LTVLLV,55.14687056,93.69080012
LTVHLV,56.82634281,97.51439421
HTVLLV,53.51703423,92.75856108
HTVHLV,52.98453084,90.92181851
